{"cameraMode":{"drawMode":0,"name":"Shaded","section":"Shading Mode"},"sceneLighting":true,"audioPlay":false,"sceneViewState":{"showFog":true,"showMaterialUpdate":true,"showSkybox":true,"showFlares":true,"showImageEffects":true,"showParticleSystems":true},"in2DMode":false,"pivot":{"x":-1.2564582824707032,"y":3.7001161575317385,"z":-1.9307136535644532},"rotation":{"x":-0.055334631353616717,"y":0.9409360885620117,"z":-0.18908187747001649,"w":-0.27536410093307497},"size":16.89019775390625,"orthographic":false}