{"cameraMode":{"drawMode":0,"name":"Shaded","section":"Shading Mode"},"sceneLighting":true,"audioPlay":false,"sceneViewState":{"showFog":true,"showMaterialUpdate":true,"showSkybox":true,"showFlares":true,"showImageEffects":true,"showParticleSystems":true},"in2DMode":false,"pivot":{"x":0.6931991577148438,"y":1.0399088859558106,"z":1.8900556564331055},"rotation":{"x":-0.048255231231451038,"y":0.9330251812934876,"z":-0.13672129809856416,"w":-0.3293065130710602},"size":14.07353401184082,"orthographic":false}