{"cameraMode":{"drawMode":0,"name":"Shaded","section":"Shading Mode"},"sceneLighting":false,"audioPlay":false,"sceneViewState":{"showFog":true,"showMaterialUpdate":true,"showSkybox":true,"showFlares":true,"showImageEffects":true,"showParticleSystems":true},"in2DMode":false,"pivot":{"x":0.04606425762176514,"y":0.9992192983627319,"z":-0.007018327713012695},"rotation":{"x":-0.011214186437427998,"y":-0.9886777997016907,"z":0.09820044785737992,"w":-0.11290334910154343},"size":2.4890823364257814,"orthographic":false}